brfraser,d-90677153cf,ws-98dzvgcg8,Never
sasurity,d-90677153cf,ws-kv2f6ljrp,Never
claramos,d-90677153cf,ws-gpply0nkl,1585137865.137
mihrnjez,d-90677153cf,ws-6syl4gk7s,1584975562.139
RGarner2,d-90677153cf,ws-wmvcy9xpf,1583873325.753
lbarbos7,d-90677153cf,ws-9fghgg4f0,Never
camilgil,d-90677153cf,ws-gy4tq1x9v,1584449333.164
mnarvae,d-90677153cf,ws-68jb7dbvh,Never
lgonz1n,d-90677153cf,ws-574nsfhv3,1584977934.315
jotuvida,d-90677153cf,ws-3jdml33ph,1585082639.416
hapattar,d-90677153cf,ws-0gpxbwmkv,1584387812.269
spidgeon2,d-90677153cf,ws-c6y0f6w8s,1585141429.62
lceballo,d-90677153cf,ws-vj3yfpczr,1585141716.005
feligray,d-90677153cf,ws-wd9fxr1hb,1584738247.515
sticanas,d-90677153cf,ws-3t5rxkk2c,1585141451.252
capatron,d-90677153cf,ws-3rg4klwm1,1584635674.019
SCoombes,d-90677153cf,ws-7fyd1810t,1583858902.506
danmejia,d-90677153cf,ws-13npz2m9b,Never
DFASOLIN,d-90677153cf,ws-jx50r6lxh,Never
cedward5,d-90677153cf,ws-6zh3r9486,Never
rpakalap,d-90677153cf,ws-vwv84sb1h,1584146955.012
dmendoz9,d-90677153cf,ws-wkc2yqyg3,1585094333.846
robtoste,d-90677153cf,ws-hfhmy9kpk,1584861825.065
mruggier,d-90677153cf,ws-w5qls3wjb,Never
jrijanto,d-90677153cf,ws-5vvp231mc,1584532472.464
kamedina,d-90677153cf,ws-bdwrfy0bk,1584993262.531
edbuiles,d-90677153cf,ws-bswwfx75r,1584980693.889
SHURTAD2,d-90677153cf,ws-jp7j26dh9,Never
mismith5,d-90677153cf,ws-d7fs01qm9,1584569308.129
beaustin,d-90677153cf,ws-kgh0llglf,1584712104.365
stegomez,d-90677153cf,ws-34458v3dx,1585058651.534
apetrie,d-90677153cf,ws-h985czdvf,1584968077.897
hhall,d-90677153cf,ws-8r8fm9fmv,1584710337.389
pamoren,d-90677153cf,ws-6wds9b971,1585141742.126
jimyang,d-90677153cf,ws-xsscwkbm2,1584712695.53
marllano,d-90677153cf,ws-w7rt4vt4l,1585141741.258
pahermus,d-90677153cf,ws-4cjb7j9n6,1584798549.749
ackeilee,d-90677153cf,ws-75ql7jbnb,1585084398.823
shegopal,d-90677153cf,ws-1hngzybgg,1583979876.527
anahenao,d-90677153cf,ws-931cr093x,Never
jmolinel,d-90677153cf,ws-gxvcy3kcq,Never
thamaluk,d-90677153cf,ws-0rl7y2zvj,1585001666.053
mkm_jimyang,d-90677153cf,ws-xkxd2c0x0,1584707068.4
scallre,d-90677153cf,ws-394j2zs2b,1584861799.933
dbeltra3,d-90677153cf,ws-f8f06nljm,Never
